name|email|phone|company
Chester|Phasellus.ornare@faucibusleoin.net|(08) 2597 6328|Ac Risus Morbi Industries
John|vulputate.mauris.sagittis@odio.org|(03) 7265 5886|Consectetuer Rhoncus Nullam Ltd
Emmanuel|semper@disparturientmontes.edu|(09) 0022 8031|Consequat Nec PC
Leonard|Nunc.mauris@felisegetvarius.net|(07) 8101 9840|Volutpat Inc.
Timon|natoque.penatibus.et@purusMaecenaslibero.org|(01) 6300 4907|Hendrerit Consectetuer Cursus Associates
Steven|rutrum@Phasellus.net|(01) 3171 6904|Pretium Industries
Solomon|nisi.Cum@enimnonnisi.com|(09) 0307 0607|Urna Nec LLP
Cairo|nunc@tempor.org|(08) 1386 7265|Maecenas Libero Est Company
Nigel|Mauris@cursus.co.uk|(03) 9020 4955|Mus Proin Vel LLP
Lawrence|tristique.pellentesque@consectetuermauris.ca|(07) 4939 3073|Auctor Vitae Aliquet Consulting
Duncan|ac.turpis@aodiosemper.co.uk|(04) 1764 2897|Mollis Integer Associates
Amos|eget@lectuspede.ca|(05) 2592 2806|Luctus Ipsum Leo LLP
Zeph|sollicitudin@maurisIntegersem.co.uk|(07) 3397 3715|Eu Ltd
Caesar|Aliquam.gravida.mauris@nibhQuisque.co.uk|(02) 2932 9399|Convallis Convallis Corporation
Simon|Nullam@Nullamsuscipitest.co.uk|(03) 6860 8237|Sapien Cras Consulting
Wyatt|vestibulum.massa.rutrum@sempercursus.com|(02) 3737 2774|Elementum Associates
Akeem|Mauris.magna@Proin.edu|(03) 6820 1210|Justo Eu Incorporated
Alec|semper.erat@Classaptenttaciti.net|(02) 6212 3282|Libero Incorporated
Vaughan|risus.Nulla@interdumligulaeu.ca|(06) 1438 3239|Eu LLP
Steel|dui.nec@anunc.edu|(07) 0212 9280|Tincidunt Nunc Ac Foundation
Gannon|vitae@imperdiet.co.uk|(01) 0432 6091|Sem Corp.
Lucius|Cras@tellusNunclectus.org|(03) 5458 1174|Tempor Limited
Cairo|In@tellusnon.net|(04) 1258 7836|Fringilla Cursus Purus Ltd
Raphael|Duis.ac.arcu@pellentesqueSeddictum.net|(09) 7231 0722|Sociis Associates
Hamish|lorem.luctus.ut@ornare.net|(03) 7313 6426|Sed Id Corp.
Harper|neque.Sed.eget@dictummagnaUt.edu|(08) 3063 8945|Augue Institute
Wade|risus@Maurismagna.org|(04) 4657 7746|Sed Nec Metus LLP
Burke|eu.tellus.Phasellus@liberoProin.com|(06) 5551 3684|Lobortis Class Aptent Consulting
Hashim|Nam@pede.ca|(05) 5074 0221|Eget Lacus Mauris Inc.
Darius|a.feugiat.tellus@sit.com|(06) 5578 5362|Vitae Ltd
Zachery|Integer.tincidunt@in.net|(06) 4717 4742|Penatibus Et Ltd
Geoffrey|varius@Loremipsumdolor.edu|(02) 1564 7948|Aliquam Fringilla Cursus Associates
Cooper|elit.erat@risusatfringilla.edu|(08) 7215 6671|Augue Porttitor Interdum Associates
Gray|neque@nonegestas.net|(05) 7944 3421|Ipsum Primis Institute
Brent|dapibus@nonvestibulumnec.ca|(04) 5194 7061|Mi PC
Aaron|quis.lectus.Nullam@atvelitPellentesque.co.uk|(01) 4370 7212|Quisque Ornare Tortor LLP
Kamal|odio@ridiculusmusProin.ca|(02) 4772 7697|Etiam Vestibulum Massa Limited
Kennan|a@necanteMaecenas.ca|(08) 0580 7755|Arcu Corp.
Davis|elit@aliquetmolestietellus.co.uk|(06) 8638 5490|Cursus Integer Mollis Inc.
Malachi|id.nunc@sagittisplaceratCras.co.uk|(05) 6069 1571|Nunc Ac Mattis Associates
Kermit|Nullam.vitae.diam@vitaeodiosagittis.edu|(04) 2125 8910|Vulputate Ltd
Kadeem|nulla.vulputate.dui@disparturientmontes.ca|(05) 5615 9643|Nibh Associates
Matthew|non.dapibus@In.net|(03) 0509 6861|Odio Company
Abel|per@Aliquamrutrumlorem.co.uk|(04) 2892 8419|Lacus Ut PC
Marvin|dictum.sapien@vitaesemper.co.uk|(07) 5038 7537|Arcu Iaculis Corp.
Armand|imperdiet.nec@eu.ca|(03) 0932 2175|Ac Mattis Associates
Hop|Nunc.lectus.pede@pede.edu|(09) 0148 5871|Eros Nam Inc.
Randall|semper.erat.in@acfacilisis.co.uk|(01) 1694 8624|Sem Egestas Blandit Associates
Alexander|leo@dignissim.ca|(03) 3958 5188|Mauris Magna Corp.
Paki|vulputate@senectus.net|(01) 0877 7071|Eros Turpis LLP
Nathaniel|lorem.ipsum@enimnislelementum.co.uk|(05) 3717 2925|Elementum Lorem Ut Foundation
Aladdin|magna.Cras@sitametrisus.com|(08) 1699 9249|Sit Industries
Lee|in.cursus@nec.co.uk|(01) 6577 9742|Dictum Cursus PC
Aristotle|Integer.eu@ametrisusDonec.edu|(01) 9622 1552|Libero Lacus Foundation
Lance|ante@ut.edu|(03) 4024 6918|Eleifend Industries
Colorado|eu.arcu@fringillapurusmauris.edu|(04) 1311 8428|Ultrices Institute
Reed|dictum.augue@commodoauctorvelit.co.uk|(05) 3119 7634|Lacus Cras Interdum Inc.
Nicholas|nisl.Nulla@sed.org|(08) 9357 2122|Ac Industries
Keane|ullamcorper.magna@ategestas.edu|(06) 4021 8635|Fringilla Euismod Enim Incorporated
Malachi|amet.consectetuer@cursus.net|(07) 5667 5844|Faucibus Id Libero LLC
Walker|diam@Suspendisse.com|(07) 8923 1551|Donec Company
Vance|diam.dictum@accumsan.edu|(02) 1839 6294|In Lobortis Corporation
Jonas|magna@euplacerateget.net|(04) 2968 0531|Torquent Corporation
Demetrius|Duis.elementum.dui@enimnonnisi.ca|(08) 6603 9663|Urna Convallis LLC
Quinn|sociis.natoque.penatibus@eu.edu|(09) 5602 3822|Libero Est Corp.
Hiram|eu.dolor@dictumPhasellusin.edu|(01) 2617 1691|Cras Vulputate Incorporated
Uriel|elit@perconubianostra.ca|(03) 0749 8721|Nunc PC
Tiger|sagittis@augue.org|(07) 7867 0277|Et Netus Limited
Solomon|In.scelerisque.scelerisque@aliquetmagna.net|(01) 2663 9642|Amet Associates
Elton|nulla@Cras.edu|(01) 0197 0735|Orci Corporation
Lionel|fames@Maecenaslibero.edu|(06) 4614 0114|Sollicitudin Orci LLC
Ezekiel|tincidunt.neque.vitae@musProin.edu|(06) 2100 9158|Cursus Vestibulum Mauris Inc.
Gareth|felis.ullamcorper@nibhdolornonummy.com|(04) 8123 3126|Lectus Industries
Colin|urna.et.arcu@maurisutmi.edu|(03) 2870 1467|Ante Incorporated
Keaton|ac@sociisnatoquepenatibus.co.uk|(01) 5872 0254|Vestibulum Massa Associates
Gage|nulla@sem.org|(09) 0406 1808|Cursus Company
Zane|feugiat.Lorem.ipsum@odioEtiamligula.org|(05) 1742 2342|Mus Donec Dignissim Ltd
Joel|iaculis.quis.pede@lectusantedictum.com|(09) 9469 3385|Ultricies Industries
Guy|erat.Etiam@aliquam.co.uk|(06) 8912 4985|Nec Tempus Scelerisque Inc.
Jared|Duis.gravida@lobortis.com|(08) 8356 6111|Vitae Inc.
Jacob|volutpat.nunc.sit@atarcu.edu|(02) 6655 4706|Orci Phasellus Associates
Ahmed|aliquam.enim@faucibusutnulla.edu|(07) 9335 0440|Consectetuer LLC
Jordan|bibendum.sed.est@arcuNuncmauris.com|(02) 7662 9833|Purus Accumsan PC
Dominic|id@vulputatemauris.co.uk|(03) 0944 5372|Parturient Montes Nascetur Inc.
Asher|augue@ipsumCurabiturconsequat.edu|(02) 5170 6452|Nonummy Ipsum Non Industries
Elijah|nibh.lacinia.orci@consectetueradipiscing.co.uk|(08) 2539 8345|Nascetur Ridiculus Mus Associates
Steven|Proin@semperrutrum.com|(08) 2791 2611|Elit Limited
Yasir|Cras.eget.nisi@ornarefacilisiseget.edu|(04) 8199 2636|Morbi Incorporated
Dexter|lectus.pede.ultrices@vitaesodales.com|(03) 7340 2455|Nunc Institute
Matthew|gravida.Praesent.eu@sitametconsectetuer.net|(08) 7302 9952|Curae; Phasellus Ornare Industries
Armand|massa@habitant.edu|(02) 4343 6259|Sem Ut Cursus Institute
Anthony|Suspendisse.ac.metus@faucibusMorbivehicula.org|(09) 4718 7165|Cras Convallis Convallis Limited
Malik|ac.urna@disparturientmontes.edu|(02) 6074 9063|Pharetra Ut LLC
Howard|sollicitudin.orci@malesuadaaugueut.org|(05) 9117 8100|Nec Luctus Corporation
Ashton|quis.massa.Mauris@egestas.org|(08) 8510 2604|Tempus Non Lacinia Corporation
Emerson|enim.condimentum@nislQuisque.edu|(03) 4831 0169|Ante Vivamus Non Foundation
Tanner|sit.amet@atauctor.edu|(02) 4112 5178|Orci Lobortis Augue Ltd
Leonard|nulla@consequatenim.ca|(08) 4782 7311|Eu Arcu LLP
Reed|Nunc.pulvinar.arcu@porttitor.edu|(02) 8688 6736|Senectus Et Ltd
Perry|Curabitur.ut.odio@placeratvelitQuisque.org|(06) 2883 6068|Nunc LLC